{"stats":{"minecraft:dropped":{"minecraft:apple":2,"minecraft:oak_sapling":1},"minecraft:killed_by":{"zombie_extreme:fetus":2},"minecraft:picked_up":{"minecraft:apple":2,"minecraft:oak_sapling":1},"minecraft:mined":{"minecraft:grass":1,"minecraft:oak_leaves":97},"minecraft:custom":{"minecraft:time_since_rest":1013,"minecraft:open_chest":4,"minecraft:play_time":6459,"minecraft:sprint_one_cm":17249,"minecraft:walk_one_cm":17584,"minecraft:damage_taken":570,"minecraft:deaths":2,"minecraft:walk_under_water_one_cm":2663,"minecraft:drop":2,"minecraft:jump":105,"minecraft:damage_dealt":140,"minecraft:leave_game":1,"minecraft:time_since_death":975,"minecraft:walk_on_water_one_cm":1192,"minecraft:total_world_time":6459,"minecraft:swim_one_cm":396,"minecraft:fall_one_cm":2492,"minecraft:fly_one_cm":14169}},"DataVersion":3465}