{"stats":{"minecraft:dropped":{"minecraft:wheat_seeds":3},"minecraft:used":{"minecraft:dirt":6},"minecraft:custom":{"minecraft:jump":105,"minecraft:open_chest":1,"minecraft:time_since_rest":3687,"minecraft:leave_game":1,"minecraft:damage_dealt":40,"minecraft:crouch_one_cm":42,"minecraft:sprint_one_cm":6594,"minecraft:play_time":3687,"minecraft:damage_taken":20,"minecraft:time_since_death":3687,"minecraft:walk_one_cm":4147,"minecraft:sneak_time":30,"minecraft:total_world_time":3687,"minecraft:drop":3,"minecraft:fall_one_cm":3946,"minecraft:fly_one_cm":24871},"minecraft:picked_up":{"minecraft:wheat_seeds":3,"minecraft:dirt":6},"minecraft:mined":{"minecraft:tall_grass":1,"minecraft:grass":28,"minecraft:grass_block":5,"minecraft:dirt":1}},"DataVersion":3465}