{
  "whisperwoods:recipes/whisperwoods/hand_of_fate": {
    "criteria": {
      "has_blaze_powder": "2024-10-09 04:19:17 +0000"
    },
    "done": true
  },
  "electrodynamics:dispenseguidebook": {
    "criteria": {
      "SpawnIn": "2024-10-09 04:19:18 +0000"
    },
    "done": true
  },
  "minecraft:recipes/decorations/crafting_table": {
    "criteria": {
      "unlock_right_away": "2024-10-09 04:19:18 +0000"
    },
    "done": true
  },
  "parcool:grant_parcool_guide": {
    "criteria": {
      "tick": "2024-10-09 04:19:18 +0000"
    },
    "done": true
  },
  "minecraft:adventure/adventuring_time": {
    "criteria": {
      "minecraft:windswept_hills": "2024-10-09 04:29:20 +0000",
      "minecraft:forest": "2024-10-09 04:19:21 +0000",
      "minecraft:windswept_gravelly_hills": "2024-10-09 04:28:36 +0000",
      "minecraft:plains": "2024-10-09 04:19:46 +0000"
    },
    "done": false
  },
  "man:feelingwatched": {
    "criteria": {
      "feelingwatched_0": "2024-10-09 04:28:47 +0000"
    },
    "done": true
  },
  "DataVersion": 3465
}